KIC_ID,TCE_num,target_label
11853878,3,1
5023956,1,2
5471289,1,3
11074835,1,1
10471515,1,1
3554031,2,1
8826007,1,1
6268648,1,1
9649222,1,2
8210721,1,2
6603756,1,2
9813678,1,2
11361646,1,1
3937519,1,1
6137704,1,2
9824805,1,1
9834719,1,2
6436505,2,3
9334893,2,1
4725681,2,1
7117710,1,3
11074541,1,1
11599264,1,2
4376644,1,2
10925104,1,1
10425070,3,3
12022718,1,2
6850504,2,1
7700590,1,2
9347899,3,1
7900450,1,3
3245969,1,1
12010534,1,2
9205938,1,1
6421188,1,2
3344419,2,3
8260902,1,1
11125797,2,1
7185710,1,3
1996180,1,1
9008737,1,1
9818732,1,2
5644412,1,1
6762829,1,2
3757778,1,2
8689373,2,1
6137681,1,2
3970117,1,2
9885417,1,1
10187017,1,1
2576107,1,2
11071207,1,3
8636434,1,1
9489947,1,2
7350067,1,1
7604328,1,1
9049010,3,3
9517393,1,1
9823519,2,1
11442793,5,1
8167978,1,2
9880467,1,2
10404582,2,1
12645761,1,2
3967501,1,2
7742408,1,1
5268955,1,3
7429287,5,3
6541920,2,1
8953257,1,2
9593528,1,2
8628758,1,1
5470851,1,3
7033748,1,2
4665989,1,2
9909735,1,1
8621353,1,2
4079535,1,2
4544684,1,2
8848115,1,2
3859151,1,2
9941066,1,1
6866228,1,2
10991989,1,2
11601597,1,2
5175986,1,1
2437783,1,2
5185897,2,1
8017703,2,1
8686761,1,3
8022244,1,1
10583180,1,2
7340624,1,3
12314973,3,1
5022440,1,2
5036530,1,3
10616656,1,2
9785921,2,2
6278762,2,1
6227560,1,2
9777090,1,2
3231341,3,1
7916058,1,3
11100383,1,1
4677282,1,2
9761573,1,2
9025914,1,2
5391407,1,2
11250587,1,1
9264949,1,1
11402995,1,1
5097454,1,2
8416523,1,1
7199644,1,2
11074178,2,1
11045383,1,2
11442793,7,1
10727668,1,2
11389771,1,1
5706595,1,1
6207053,1,2
4067336,1,2
7117549,1,3
10973664,3,1
6548447,2,3
7269493,1,1
10468514,1,2
5649837,1,3
10661976,1,3
9305831,1,1
10489525,1,2
6846544,1,3
10978763,1,1
3839488,1,1
3962684,1,2
7515679,1,1
4073707,1,3
8099138,1,1
7199756,1,3
3858824,1,2
8257205,1,1
8367298,1,2
3336765,1,2
9674592,2,3
4815612,1,2
7455287,2,1
11811454,1,2
4578594,1,2
5531576,2,1
7258902,1,2
12405333,1,1
6272413,1,1
9392702,1,2
3847708,1,2
10019763,1,2
9116075,1,2
11135308,1,1
8081187,1,1
9640976,1,2
9512687,1,1
10214162,1,1
8082001,1,1
6128141,1,2
4914737,1,2
10656823,2,1
6118370,1,1
8008206,2,1
9579192,1,2
8766222,1,2
6599975,1,1
10253547,1,1
8374499,1,2
6428794,1,1
6616218,1,1
5979863,1,2
5456023,1,2
5695396,2,1
11076176,1,2
7025526,1,2
9216775,1,1
8517433,1,3
12785320,1,1
8878681,1,2
8559796,1,3
9945280,1,2
11669239,2,1
6359320,2,1
8746310,1,2
6205566,1,3
6037581,2,1
9209624,2,1
6936977,1,2
8282846,1,1
7215603,1,1
9306677,1,3
11656840,1,2
4243911,1,1
8426567,1,1
2716853,1,1
9948002,1,2
3962243,1,1
8743244,1,3
5215700,1,2
10130039,3,1
9636563,1,2
10007492,1,2
3644601,3,3
5020044,1,2
8174625,1,1
4645492,1,3
9899449,1,2
6500206,1,2
8953059,1,2
9775938,1,1
9941550,1,3
1718189,1,1
8712863,1,3
5880320,3,1
8891278,1,2
8912730,1,3
7032687,1,3
11151677,2,3
8193178,2,1
5881813,1,1
10730034,1,1
9726659,1,1
7047363,1,1
10513530,1,1
5471675,1,2
11512246,1,1
7031742,1,3
4852528,1,1
9517393,2,1
10155080,1,2
2449090,1,2
6026438,1,1
5965819,1,1
6948054,2,1
12306699,1,2
8491277,1,1
4455231,3,1
10874614,1,1
4659405,1,2
8753657,2,1
2573056,1,2
6521045,2,1
8025596,1,1
2708156,1,2
5801571,1,2
7047922,1,1
7117003,1,3
5638699,1,3
9596187,1,2
9593773,1,2
11176127,3,1
8258171,1,2
9607164,1,1
8505920,2,1
6880517,1,1
5989391,1,3
4736644,1,1
8955709,2,3
12023078,1,2
9406892,1,2
5706966,1,1
6962977,4,1
4144236,1,2
3446451,1,2
9268456,1,3
6956216,1,2
8681734,1,1
8367113,1,1
6447326,1,3
8442463,1,3
12356746,1,2
7373451,2,1
5471010,1,3
10363300,1,2
7950775,1,2
11043167,1,1
5021737,1,2
10987985,1,1
5026187,1,3
6286161,2,3
10001368,1,1
7840044,1,2
7624297,1,2
7918217,1,2
7257373,1,2
6289257,1,1
6442340,3,1
8077137,2,1
9141746,1,1
11444514,1,1
6849046,1,1
11391667,1,2
11758544,1,1
8962094,4,1
8644365,1,1
6186964,1,1
7457278,1,3
8028465,1,3
7031126,1,3
6962977,5,1
10068024,1,2
4732015,1,3
9946525,1,1
10875245,4,1
12206313,3,1
5728139,1,1
5716508,7,3
8583696,1,1
4912589,1,2
8507475,1,1
7977197,2,1
11134879,1,1
3561464,2,1
3338660,1,2
8258160,1,2
3441784,1,2
12020218,1,1
8680979,2,1
2305372,1,2
11125613,3,1
11673686,1,2
6209347,1,2
10005758,2,1
4568117,1,2
10848459,1,2
5636642,1,2
9777089,1,3
6528464,2,1
6182846,1,2
9025971,1,1
11972666,1,2
4753988,1,2
9630640,1,3
10187563,1,3
12470844,1,1
9892856,1,2
8380743,1,2
9995771,1,1
7455287,1,1
9896435,1,2
7106438,1,3
11564013,1,2
8120608,4,1
12459913,1,1
10320341,1,2
8459354,1,3
10592163,1,2
10275074,1,2
8219268,2,3
9146018,1,1
6045250,1,3
10934313,1,3
5113809,1,3
5106313,1,1
10616829,1,2
6592832,1,2
10684670,1,1
11507101,1,1
7121885,1,2
6867555,1,1
2569494,1,2
8151055,1,1
6023859,1,2
5876368,1,2
7691527,1,3
8874090,1,1
9411166,1,1
3966801,1,1
6269070,1,1
11858741,1,2
5113822,1,1
7831363,1,2
4375101,1,2
10189546,2,1
3446746,1,1
5866724,1,1
11959569,1,2
5096590,1,1
3848972,1,2
5511081,4,1
9336200,1,1
7046804,1,1
9597411,1,2
5529643,1,2
7939330,2,1
7879648,1,2
8689373,3,1
7362450,1,3
7703955,2,1
7203194,1,2
11133306,1,1
10141900,2,1
10920086,1,3
6058875,1,2
9911112,1,2
11709124,5,1
7369865,1,2
10091257,1,2
7445445,1,1
5471690,2,3
5438757,1,1
11460462,1,1
5794379,1,1
10055126,1,1
10274244,1,2
4757331,1,2
5551228,1,2
9070666,1,1
8628973,1,1
8738735,2,1
10223616,2,3
8743244,3,3
7295570,1,2
9091755,1,3
6381846,3,1
7214090,1,3
10332789,1,2
7373877,1,2
9529744,3,1
5091016,1,2
6432345,1,1
7968683,1,3
10290447,1,3
7631194,1,3
7777522,1,2
10031885,1,2
9455677,1,1
10186945,1,2
9596089,1,2
3228824,1,3
10259029,1,2
8460600,1,2
8039925,1,3
7977197,1,1
4950557,1,2
6105359,1,3
5473535,1,2
8553907,1,2
6266741,2,1
7677005,1,2
5103942,1,2
8229696,1,1
11090765,1,1
9008737,1,1
3217264,1,1
4861736,1,2
4649305,1,2
9717943,1,1
6384840,1,3
11967004,1,2
3559935,1,1
10352938,1,2
7517261,1,1
9605514,2,1
7273277,1,1
1724719,1,1
10031409,1,2
12106929,1,2
11517719,1,3
12157983,1,2
12644822,1,1
6946985,1,3
9415172,1,1
1870398,1,2
6365156,1,1
8588377,1,2
10272442,1,1
8056665,2,1
9468551,1,1
7304449,1,1
11826400,1,2
8652360,1,3
5438099,1,1
7368664,1,1
4138008,1,1
10332883,1,1
10518735,1,2
7219825,1,1
8611257,1,1
5036537,1,2
3657758,2,1
9364609,1,1
5078879,1,2
4840263,1,2
10816107,1,2
6196457,2,1
3644631,1,3
7532973,1,3
9583881,1,1
12367464,1,2
5857540,1,1
8041216,1,1
10489539,1,3
6768394,3,1
7664272,1,3
10030778,1,2
10006581,1,1
6034945,1,1
8240861,2,2
11037335,1,1
11962284,1,1
11506938,1,2
8733898,2,1
5689351,5,1
9288786,1,2
8978528,2,1
6756202,1,2
10973583,1,2
4037428,1,2
8552498,1,2
5521300,1,2
11192141,1,2
12416661,1,1
9157634,1,1
5866099,1,2
11560897,1,1
4663658,1,3
2851100,1,2
9468382,1,2
10122538,1,1
4144873,1,3
9343862,1,2
8957954,1,2
9886661,1,1
3962357,1,1
5809372,1,3
9049673,1,2
9334490,1,2
12021625,1,1
6936909,1,1
5942093,1,2
9844088,1,1
8610483,1,2
3458028,1,1
10287248,1,2
7947631,1,2
11137065,1,2
8292840,1,1
10711913,1,2
11768142,1,1
12367017,1,2
10091110,1,2
9965691,1,2
6429812,1,1
12602568,1,1
8557246,2,3
8263752,1,2
8127648,1,2
6311637,1,2
6849310,1,1
7362696,1,2
11607193,1,2
10619192,1,3
3098194,1,2
11409698,1,2
10735575,1,2
10208759,1,2
8505670,1,1
6607610,1,2
9269042,1,1
10585852,1,1
12120307,3,1
5438099,4,1
5956342,4,1
10157458,1,1
6621116,1,2
9451096,1,2
9692336,1,3
7549209,1,1
8780959,2,1
2445129,1,2
5285607,1,2
12116380,1,1
2571238,1,1
8247771,1,1
2446623,1,2
2970804,1,2
5471059,1,2
9719636,1,2
8009350,1,1
3858851,1,2
8678594,1,1
4346178,1,1
11614617,1,1
2989404,1,1
9528420,1,2
7778767,1,1
9391208,1,1
4828341,1,2
5471792,1,3
3218908,1,1
3098197,1,2
9605514,1,1
4139816,3,1
8581658,1,2
7199935,1,3
5385667,1,3
4645833,2,3
2021440,1,2
8277797,2,1
11444952,1,2
6606934,1,2
4636578,3,1
11600889,1,1
8760040,1,1
8043714,1,2
7418173,1,2
12404086,1,1
6206559,1,2
6584273,1,1
7366895,1,3
11824786,1,1
10460984,4,1
6435936,1,1
6786348,1,1
9053112,1,2
11046458,1,1
7282042,1,3
5282049,1,2
8832676,2,3
11442793,3,1
11176127,1,1
3342592,1,2
2574201,1,2
6147122,1,2
5559651,1,2
10854768,1,1
3239945,1,1
11720424,1,1
6615511,1,1
8959839,1,1
3218908,3,1
5796675,1,1
10489345,1,1
3656700,1,2
11853878,1,1
11283615,1,1
5894972,2,3
2437112,1,2
7747425,2,1
6182019,1,2
7287391,1,2
5983348,1,2
3542222,1,2
5980208,1,1
10965008,1,1
10989274,1,1
10227881,1,2
11253711,2,1
5444392,1,2
9899280,1,2
6767840,1,1
4157488,1,2
9823457,1,1
4579313,1,2
5650420,1,2
10858691,1,1
10879038,1,1
5254230,1,2
10864531,2,1
5385410,2,3
8559863,1,2
5689351,4,1
9532421,1,2
7810483,1,1
5021732,1,2
9077124,1,1
11303322,1,1
5218014,1,2
9651668,1,1
10034146,2,3
11804952,1,3
7380829,1,3
4276114,1,2
10616571,2,2
10189546,3,1
5007345,1,1
6541920,6,1
7183745,1,1
11656721,1,1
5709725,2,1
12252424,2,1
10122538,4,1
9221398,1,2
3661886,1,1
10187017,5,1
10292540,1,2
10027323,1,1
11497958,5,1
7373451,1,1
5193384,1,2
11497958,3,1
7100673,1,1
5972334,1,1
5385566,1,3
5599774,1,1
4072526,1,1
8962094,3,1
3120320,1,2
10924400,1,2
8358008,1,2
9783760,1,2
5652237,1,2
4909707,2,3
8022489,2,1
5179609,1,2
3354846,1,1
9415172,2,1
10259301,1,2
5385269,1,3
5520547,1,1
4349935,1,3
11601584,1,1
11519226,1,2
10187017,2,1
6678383,2,1
8458207,1,2
9015738,1,1
7846730,1,2
8278371,1,1
11669239,1,1
6383821,1,1
4914709,1,2
5017058,1,2
11873166,1,2
11455484,1,2
6841577,1,2
8906676,1,2
5807579,1,2
6672229,1,2
6613006,1,2
7204073,2,3
10810838,1,1
9838468,1,1
11657614,1,1
11823054,1,1
3247396,1,2
6426592,1,2
4139816,4,1
5310435,1,2
9071386,1,2
7987749,1,2
8145789,1,2
9839821,1,1
6947837,1,3
2860594,1,2
5471675,2,3
4741126,2,1
4150611,5,3
8655354,1,2
12019440,1,1
8938937,3,3
5284133,1,2
5649956,1,2
5629538,1,1
10405224,1,3
10125352,1,2
8108437,1,2
10676014,1,1
10460984,1,1
5436502,3,1
6516529,1,3
6044064,1,2
12252732,1,3
8104030,1,2
5397166,1,2
5475712,1,2
11401755,2,1
9351920,1,1
10717241,1,1
2719873,1,2
9530945,2,1
11358392,1,2
5695396,1,1
5617854,1,1
3861595,1,1
3335813,1,2
7132798,1,1
9141746,2,1
7282872,1,3
8107380,1,1
12017109,1,1
3326377,1,1
7678434,2,1
2990873,1,1
5956342,3,1
10583066,1,1
11714231,1,1
8639155,1,2
11356602,1,3
3832474,2,1
10214328,1,3
3337061,1,2
8374494,1,2
5289854,1,1
3222680,1,2
7598128,1,2
7031066,1,3
6197038,1,2
11401822,1,2
8559644,1,1
3344427,1,3
6206751,1,2
7129465,1,2
7025540,1,2
4833421,3,1
5364071,3,1
10404582,1,1
9787239,5,1
6941084,1,1
8177798,1,2
11624249,1,1
9164836,1,2
11233911,1,2
6806632,1,3
3248696,1,3
5115178,1,2
10858803,1,2
7605600,1,2
9364290,1,1
11756821,1,2
3337351,1,2
10199817,1,3
8937762,1,2
6962977,3,1
4144231,1,2
9159275,1,2
10735564,1,2
9590976,1,1
2854839,1,3
7830321,1,2
6221385,1,1
8481129,1,1
7662744,1,3
8409588,1,2
2557430,1,2
4661634,1,2
3347485,1,2
7731281,1,1
3426367,1,1
3439031,1,2
3644738,1,3
8757213,1,3
4743508,1,2
8738735,1,1
9458613,2,1
2694632,1,3
8868907,1,2
8120608,3,1
11413812,1,1
7812167,1,2
10092312,1,2
3348082,3,1
8004903,1,1
4664847,1,1
9963009,1,2
4270253,1,1
8012732,1,3
7049486,1,2
11090556,2,1
11709423,1,2
5041847,2,3
8478994,1,1
11295085,2,3
10268714,1,3
9569866,1,2
3239945,3,1
4932442,1,1
11403044,1,1
7106437,1,3
3324644,1,3
11027624,1,1
7115291,1,2
8953426,1,2
4914423,2,1
2437804,1,2
5193077,1,2
11497958,1,1
8508126,2,3
4579598,1,3
6852488,1,2
7032568,1,3
5471217,1,3
8906045,1,3
7132542,1,2
10338279,1,2
9458343,1,1
9471755,1,2
8630788,1,1
4254466,1,1
8488878,1,2
3234843,1,1
7898352,1,1
9710326,1,1
8121310,1,1
9913798,1,2
6283224,1,3
7970629,1,2
11966557,1,2
7877820,1,3
8950853,1,1
10166274,1,1
9892816,2,1
9821078,1,3
10935310,1,2
6842682,1,1
8750094,1,3
6774880,1,1
5121173,1,3
6706287,1,2
5475494,1,2
7115661,1,3
4851217,1,2
11709244,2,1
9291368,1,2
8226994,1,1
5513861,1,2
9963524,2,1
12302530,2,1
6063220,1,1
10924562,1,1
8939211,1,3
8935352,1,2
10600261,1,1
9884104,1,1
5041569,1,2
5384802,1,2
10158729,1,1
6690836,1,1
7050754,1,2
8210370,1,2
9692557,1,2
6619815,1,1
10226343,1,3
11860395,1,1
8330575,1,2
5094751,2,1
12110942,1,1
9266285,1,2
12257851,1,3
5514383,1,1
11249624,1,2
8884274,1,1
8630840,1,3
5438099,3,1
11457726,1,1
11918793,1,3
8700506,1,2
9426071,1,2
7691260,1,1
8256453,1,2
6587002,1,1
11807274,2,1
5689351,1,1
9765975,1,1
9851662,1,1
6231401,1,2
11869052,1,2
9945370,1,1
10464078,1,2
8689793,1,1
5689351,3,1
5792202,2,1
9520838,1,1
8971432,2,3
8652360,2,3
7629518,1,1
7177555,1,2
2452450,1,2
5461440,1,1
9119405,1,3
6838050,1,1
5130380,1,2
11554435,1,1
3130548,1,2
9509223,2,3
11348086,1,3
8760135,1,2
9705459,1,2
2697935,1,2
6390236,1,3
3937814,1,1
12058931,2,1
5300878,1,2
10724369,1,1
10730070,1,1
6468138,1,1
11546211,1,2
6521045,3,1
9411317,1,2
9391506,1,1
3644505,1,3
3833007,1,1
10877024,1,2
11619964,1,2
8226050,1,1
6696462,1,2
10027247,1,1
9489524,2,1
6521526,5,3
6392727,1,1
4049124,1,2
4927315,1,2
7109675,2,1
7102316,3,1
7837526,1,2
3548044,1,1
7282008,1,3
11244682,1,1
11073223,1,2
8482513,1,3
8230616,1,1
9967771,2,1
11922290,1,3
11875734,1,1
9005854,1,2
10925104,3,1
9654468,1,1
8751933,1,1
7812175,1,2
7032001,1,3
5565486,1,2
4548011,3,3
2438264,1,1
8559644,2,1
9535876,1,3
9366988,1,2
12056139,1,1
2582800,1,3
6665223,1,2
2306740,1,2
9395719,1,1
8649876,1,3
7429287,1,3
6062088,2,1
10600261,3,1
11357185,1,3
6965293,1,2
8196180,1,3
9821454,2,1
11129258,1,1
9097120,1,2
11560037,1,2
11493431,1,1
4262581,1,1
7670617,1,2
6629332,1,2
4455231,1,1
11905011,1,1
6152974,1,1
9243795,1,2
2010152,1,3
6021193,1,1
10198109,1,2
6061119,1,1
6851425,1,1
8590780,1,2
8381592,1,2
5771589,1,2
6291033,1,1
7204981,1,1
3832474,1,1
11661803,2,2
8892720,1,2
7818447,2,3
6939670,1,2
6804648,1,2
8557374,2,1
4349452,2,1
6528464,1,1
8042747,1,3
9291629,3,3
7678434,1,1
9757613,2,1
9899217,1,2
3969687,1,1
7515212,2,1
4840327,1,2
5306720,1,2
6600492,1,3
6541920,3,1
11854061,4,3
6681618,1,3
7031992,1,3
9304101,1,1
8487645,1,3
6960913,1,1
8397675,1,2
5211470,2,2
8474898,1,2
10383687,1,2
10459805,1,3
9851142,1,2
9656543,1,2
8378656,1,2
10345478,1,2
8883727,1,2
7778437,1,1
8264070,1,2
4681152,1,2
6612411,1,3
5471068,1,3
9451706,1,1
10723367,2,1
7676423,1,1
8288947,1,1
10777591,1,1
6019872,1,2
6699562,1,2
11446443,1,1
5263802,1,2
11568224,1,3
8321314,1,1
7115671,1,3
5385150,1,3
9941387,1,2
10386984,1,1
5088536,2,1
9766437,1,1
12403119,1,1
8609450,4,1
11336883,1,1
11403530,1,1
6675056,1,2
7200301,1,3
3970233,1,2
10601284,2,1
10616415,1,2
10867017,1,2
9532637,3,3
9964801,1,1
8088354,1,2
3116412,1,1
2711597,1,2
9006449,2,1
10026136,1,3
3632089,2,1
8868657,1,2
4367544,1,2
12061222,1,1
6949607,2,1
8958035,1,2
8780968,1,2
9941859,2,1
6220470,1,2
9962455,2,1
8113154,1,2
3832716,1,3
4736208,1,2
11497958,4,1
7116282,1,3
11455428,1,1
3642289,1,1
9007918,1,2
12058931,1,1
9897364,1,1
8953281,1,2
7374746,1,2
10554999,1,1
9079587,1,3
12418662,1,2
5255552,1,2
9881077,1,1
7503885,1,1
10271806,1,1
11449844,1,3
3114167,1,1
9651234,1,1
11415243,1,1
6587105,1,1
10879213,1,2
8150320,1,1
9531850,1,3
3939150,1,1
3352751,1,2
9946525,2,1
10265898,1,1
10031808,1,2
5298620,1,3
9307105,1,2
5542983,1,2
9480189,3,1
7366258,3,1
5735762,3,1
10093664,1,3
4058169,1,2
7021681,1,1
4852528,3,1
10004772,1,2
3655326,1,2
7690521,1,3
10329469,1,1
5471496,1,3
7940533,1,2
6461850,1,2
10208894,1,3
10414727,3,3
8801316,1,1
6069674,1,3
7552344,1,2
8210018,1,1
8589754,1,2
3531231,1,2
8125580,1,1
6871071,3,1
11391181,1,2
10266615,1,1
10318874,1,1
3241604,2,2
6364582,1,1
7102227,2,1
7219825,3,1
11087662,1,3
3834360,1,2
10880507,1,1
5560831,1,3
3543270,1,2
3749134,1,1
6209677,1,1
11074178,1,1
4078157,1,2
5652260,1,2
6595662,1,2
8802165,1,1
6060203,1,1
7439316,1,1
6307063,1,2
6382217,2,1
8738775,1,1
3336283,1,3
3544694,1,2
6196457,1,1
6301030,1,3
10294608,1,2
2997455,1,2
1871056,1,1
6364215,1,3
5309353,1,2
10614158,1,3
4996558,1,2
6124512,1,1
11200773,1,2
7767162,1,1
6606669,1,2
9661877,1,2
9597345,3,1
6146418,1,2
4074294,1,3
8739209,1,3
9892816,1,1
3644523,1,3
3248332,2,3
6590362,1,3
4275191,1,1
6591789,1,2
5444548,1,1
4636578,1,1
10289119,1,1
9692128,1,2
11455181,1,1
11124353,2,3
7090867,1,3
12644774,1,2
12120307,1,1
5879448,1,2
5735762,2,1
9823457,2,1
11923819,1,2
9207508,1,2
9652632,1,2
9340460,1,3
10346522,1,2
5128966,1,2
8892303,1,1
7288306,1,1
5700900,2,3
9883606,1,1
6696580,1,1
2995392,1,1
7901948,1,1
2989706,1,2
7097571,1,2
6150977,1,2
7379385,1,2
9157908,1,2
9146018,2,1
8288719,1,2
9851970,1,2
9085563,1,1
7033233,1,1
11403339,1,1
7764367,1,1
8757824,1,1
7427764,1,1
1026032,1,2
6960445,1,2
11858541,1,2
7461307,1,2
5168498,1,3
4548011,1,1
4679687,1,2
10454632,1,1
6026924,1,1
5688997,1,2
8823397,1,2
12268220,1,2
7137798,1,2
6042031,1,2
5444549,1,2
3347807,1,3
9163674,1,2
7699298,1,2
3128552,2,1
9049550,1,2
10669994,1,1
9780149,1,2
5121511,1,1
6847018,1,2
3120355,1,1
4737267,1,2
12316431,1,2
11200767,1,2
9161118,1,2
9824928,1,3
7295235,1,1
5786676,1,1
9509207,1,3
10122538,3,1
6525209,1,2
8916492,1,2
9872831,1,1
3757590,1,2
1865042,1,1
7770450,1,2
9112931,1,1
10328393,1,1
7732791,1,2
9006186,1,1
8480642,1,2
10518424,1,2
4833421,2,1
2695110,1,2
4952341,1,2
7537945,1,2
1868404,1,3
9590976,2,1
6206214,1,1
12068975,2,1
10420279,1,2
9529744,2,1
4484356,1,2
9527915,1,1
8016691,1,1
9142225,1,3
8414159,1,2
10794509,1,3
11177676,1,1
8395660,2,1
12453581,1,1
9100953,1,1
3966262,1,2
9011825,1,1
6182093,2,3
6921944,1,1
4547480,1,2
5199978,1,2
4372765,1,2
12418724,1,1
12017140,1,2
11493732,1,2
10905911,1,1
6859813,1,2
7755636,1,1
8737796,1,3
9576197,1,2
2856960,2,2
8008067,2,1
6221385,2,1
11512246,3,1
5609593,1,1
7040629,4,1
10057494,1,1
7033671,1,1
11069176,2,1
7681230,1,2
2438070,1,2
7131760,1,1
12167361,1,2
3239636,1,3
6594972,1,2
5860968,1,1
11823054,2,1
5471769,1,3
3102384,1,1
9541089,1,3
7097534,1,2
8355239,1,1
7769072,1,2
6233466,1,2
7670485,1,3
11601584,2,1
8302302,1,2
9101400,1,2
8042835,1,3
2014991,1,2
10068030,1,2
9388557,1,3
7885570,1,2
8848104,1,2
5966322,1,1
11497958,2,1
8845205,1,1
2720354,1,2
6222898,1,2
7269881,1,2
6975129,1,1
7870390,2,1
6889235,2,3
12404305,1,1
8292840,3,1
3428468,1,2
9777990,1,2
7593110,1,2
4990977,1,2
3244792,1,1
2569516,1,3
8588982,1,3
6421937,2,2
7045435,2,3
11242721,1,2
9020160,2,1
7914906,1,2
8573193,1,1
10872983,3,1
10843590,2,1
7377033,1,2
8564674,2,1
7419318,1,1
10532751,1,3
5637036,1,3
8841616,1,2
10960993,1,2
3127817,1,2
8222813,1,1
10187017,3,1
11403389,1,1
9388479,2,1
5350244,1,1
10206675,1,2
12404954,1,1
10358759,2,1
8590776,1,3
7138841,1,3
8880003,2,3
12252424,1,1
6519865,1,3
9458613,4,1
6947164,1,2
6349881,1,1
7620844,1,2
11236244,1,1
4067549,1,2
4948863,1,2
5209845,1,1
11463950,1,3
11337566,1,1
5428668,1,3
7207061,1,1
4832225,2,3
7538434,1,3
4473613,1,1
7115925,1,3
8043052,1,2
3554600,2,3
4275721,2,1
6381846,2,1
10026457,1,2
8081482,1,2
6286155,1,2
9030537,1,1
3241344,1,2
11754553,2,1
10426656,2,1
8429314,1,1
5021899,1,1
10418224,1,1
6697716,1,2
8753657,1,1
2165002,1,1
9093566,1,3
8487748,1,2
7269974,2,1
2449101,1,2
3851949,1,2
11232745,1,2
4738095,1,3
11285870,1,1
9893318,1,1
9892471,1,2
11410904,1,1
8703887,1,2
4141587,1,3
6029130,1,2
9209624,1,1
8938628,1,2
4847843,1,2
8302455,1,2
9643874,1,1
4928119,1,2
10876237,1,2
6185331,1,1
7287995,3,1
9475552,1,1
10714072,1,1
3830820,1,2
7025851,1,2
6037581,1,1
7938883,1,3
9532117,1,2
6356207,1,1
8111622,1,2
1725193,1,2
11516930,1,2
10925104,2,1
3757588,1,2
9528430,1,2
7697568,1,2
11253827,1,1
10002866,3,1
7821010,1,2
4247807,1,2
9851126,1,2
10489206,2,1
10662202,3,3
5471480,1,3
5647638,1,2
9205993,1,3
9466668,3,1
2309910,1,3
8288404,1,2
5636648,1,2
4281895,1,2
3445812,1,3
10843203,1,2
11069176,1,1
5025294,1,2
7366036,1,3
6431670,1,2
5546691,1,1
6205468,1,2
9958962,2,1
4770617,2,1
5952366,1,2
5301750,1,1
6190535,1,3
11037511,1,1
10854546,1,1
9031209,1,1
8609450,2,1
5185897,3,1
8179747,1,2
6277594,1,2
5858519,1,2
8312222,1,2
5653163,1,2
5385491,2,3
8766285,1,3
7936194,1,3
5709103,1,2
8156120,1,1
7107561,1,2
4914566,1,1
8621348,1,2
7972785,1,2
7296094,1,2
7376500,1,2
5470960,1,3
2837111,1,1
6362386,1,2
2581316,2,1
10527135,1,2
11607176,1,3
10010440,1,1
7021681,3,3
6364143,1,3
8037145,1,1
11401767,3,1
3556229,1,2
5952448,1,2
10004519,1,1
12504988,1,2
7668648,1,2
12068975,3,1
5481426,1,2
4261960,1,3
2985767,1,1
3859363,1,3
3836399,1,2
3663141,1,3
10964440,1,1
8784288,1,2
10068919,1,2
5480640,3,1
8015907,1,1
3442054,1,2
8222813,2,1
10656823,1,1
8218379,1,1
9351316,1,1
5972334,4,1
5561278,1,1
12109845,1,2
2441161,1,2
9418994,1,2
3867615,2,1
3869326,1,2
8161561,1,1
10583761,1,1
5269467,1,1
5364071,2,1
9715631,1,1
2854698,1,1
3230227,1,2
8293631,1,3
11913012,1,2
9665503,1,2
8868649,1,3
3231341,5,1
10263598,1,3
5286786,1,2
4482738,1,3
8560475,1,2
7175184,2,1
4249725,2,1
11701407,1,1
8112324,2,2
9655858,1,2
5480884,2,3
9674608,1,2
6933567,1,1
6041734,1,1
8742735,1,3
10275887,1,2
5305451,1,3
8564976,1,2
9782691,1,1
5308778,1,2
8866137,1,1
9347899,1,1
3234843,2,1
6670075,1,2
9839081,1,3
8180020,1,2
11401845,1,2
9821454,1,1
12251779,1,2
11043136,1,2
11760231,1,1
3098184,1,2
10670119,2,1
10799735,1,2
6449358,1,2
5725851,1,3
7211469,1,1
11521793,1,1
9527334,1,1
7960295,1,2
11461433,1,1
6543893,1,1
3742855,1,2
9612825,1,2
5174492,2,2
9549472,1,2
10797460,2,1
3762468,1,1
4833421,1,1
4355503,3,2
3341760,1,2
9001468,1,2
4664046,1,2
10090219,1,2
5202905,2,1
3443790,1,2
9458613,1,1
7017437,1,3
6949550,1,2
5897826,1,2
4159347,1,2
6522750,1,2
4824268,1,2
11802615,1,1
4275721,1,1
8868364,1,2
10386922,1,1
12735740,1,1
7609553,1,1
4456622,1,2
4933476,2,2
9471268,2,1
8395660,1,1
3973002,1,2
4150624,1,2
11401182,1,1
6676725,1,2
11408935,1,2
11656918,1,1
7877496,1,3
9785454,1,2
8081899,1,1
6587280,1,1
9899505,1,3
8822585,1,3
12314973,1,1
5307858,1,3
8013289,1,3
9179531,1,2
8296467,1,2
10874926,1,2
7808587,1,1
4136659,1,2
5456651,1,1
5026023,1,2
11014932,2,1
11518142,1,1
3526331,1,3
6289257,2,1
5112198,1,3
6442377,1,1
4135665,1,1
11192998,1,1
7816680,1,2
12206313,2,1
5460835,1,2
3447722,2,1
6290382,1,2
10960995,1,2
6289344,1,2
10471243,1,3
7690855,2,3
7951018,1,1
6962901,1,2
5563057,1,2
9141355,1,1
6762188,1,2
8231877,1,2
2692377,1,1
2167444,1,3
9884104,3,1
10878263,2,1
10933561,1,1
5185765,1,3
10136549,1,1
11037335,2,1
9934208,1,2
6347299,1,1
11724094,1,2
6422155,1,1
8804845,2,1
7695093,1,2
3247294,1,2
4935914,1,2
5792202,1,1
10363281,1,2
3835670,1,1
2576692,1,2
10259031,1,2
10095484,1,2
6545018,1,2
6062088,3,1
9098810,1,2
12555140,1,3
10268809,1,2
5529552,1,3
10661913,1,2
3118797,1,1
6607357,1,1
5709725,1,1
10340423,2,1
7673192,2,1
5392871,1,2
5479973,1,2
7219906,1,2
9836149,1,1
8552607,1,2
6046311,2,3
9597345,2,1
11709124,2,1
4774646,1,2
11285625,1,2
8750503,1,3
5795648,1,2
8613535,2,1
6869184,1,1
6448768,1,2
10982872,3,1
7595157,2,1
5735762,1,1
7768952,1,2
9002278,1,1
7115878,1,3
6029239,1,1
8885643,1,1
9474969,1,3
10905641,1,3
5802246,1,2
9589524,1,1
11029877,1,2
7009828,1,2
6307062,1,2
11360805,1,1
7597005,1,2
9279669,1,1
7362852,1,2
9551430,1,3
5108214,1,2
8381204,1,1
7595157,1,1
5735878,1,2
5015459,1,2
9159265,1,2
9650808,1,1
5880320,1,1
5036705,1,1
10875245,1,1
9790965,1,3
9101496,1,1
6129694,1,3
3852476,1,3
3732821,1,1
7031132,1,3
7435780,1,3
7449844,1,2
5647008,1,2
3229028,1,2
8299947,1,2
3440230,1,2
10923260,1,2
9143254,1,2
5768816,1,1
6442340,1,1
5177104,1,1
3953212,1,3
5866724,3,1
5768927,1,2
9345819,1,3
5358241,3,1
7871954,1,1
6462863,3,1
11125613,1,1
3124412,1,2
7115463,1,3
4035675,1,2
6587002,2,1
6058896,1,3
10330495,1,2
7174617,1,2
8244173,1,2
6948054,1,1
8126531,1,3
5024177,1,2
4833421,5,1
9412760,2,1
7777397,1,2
11288051,2,1
12255382,1,2
5613330,1,1
5894825,1,3
2305543,1,2
4847782,1,2
3728701,1,1
8495415,2,1
10005788,1,1
8561192,1,2
11502867,1,1
10094670,1,1
7663691,1,1
4476123,1,1
5386264,2,2
8042453,1,1
5642620,1,2
10718726,1,1
6531485,1,2
8044608,1,2
6501635,1,1
5473556,1,3
9651155,1,2
7541502,1,2
5130369,1,2
9771576,1,3
11906217,1,2
6425957,1,1
7303287,2,1
8589731,1,2
7838906,3,2
10879208,1,2
11461844,1,1
4565985,1,2
9909735,2,1
3962728,1,2
6462863,2,1
6612327,1,2
7747425,4,1
5802470,1,2
4736569,1,1
5112567,1,2
12159249,1,1
12164634,1,2
6859801,1,2
10676927,1,2
4374610,1,2
10545066,1,1
2302548,1,1
5385548,1,3
6707833,1,1
10122255,1,1
3644542,1,2
5956342,2,1
9368524,1,3
7673841,1,1
9353742,1,1
5816811,1,2
9966115,1,2
4949214,1,2
8379547,1,2
10384962,1,2
12735830,1,1
9597095,1,2
3847138,1,1
8183389,1,2
7866921,1,2
8560804,1,2
8547140,1,1
5288744,1,3
10059645,1,1
6042116,1,3
8753896,1,1
7200102,1,2
9532052,1,1
6962977,2,1
5385778,1,3
7376490,1,2
11804465,1,1
5270698,1,2
4252226,1,2
6803855,1,1
7967100,1,2
9541144,1,2
11348997,1,1
9405541,1,2
8822366,1,1
6929016,1,2
5078025,2,3
7434875,1,1
5986270,1,2
7436177,1,2
3103227,1,1
9285265,1,1
4276445,1,3
2854914,1,1
4847832,1,2
8231299,1,2
7983756,1,2
9468717,1,2
4150390,1,2
12116489,1,1
11656246,1,1
10586004,1,1
5175024,1,1
8561063,1,1
10989032,1,3
8773948,1,2
6462863,4,1
9592850,1,2
7622072,1,2
7626506,2,1
8701327,1,2
9886361,1,1
6962977,1,1
5513866,1,3
10661679,1,2
11044770,1,2
8023317,1,2
11612241,3,3
11350389,1,2
4851464,1,2
10858691,2,1
4282872,1,1
10215422,1,2
5218441,1,2
3558981,1,2
6781548,1,2
10857342,1,2
11968463,1,1
10813132,1,1
11547505,1,1
3644071,1,3
6228703,1,2
10601284,1,1
6864893,1,2
7125636,1,2
5130740,1,2
7777471,1,2
8410727,1,1
7375348,1,1
10407482,1,1
5640085,2,1
8247638,1,1
12365184,1,1
8226720,1,3
7900114,1,3
10405482,1,3
4913852,1,1
8435232,1,2
9540450,1,2
9027841,1,2
5706595,2,1
4670267,1,2
11019987,1,1
6286633,3,3
8561231,1,1
9880467,2,2
7989422,1,2
3114811,1,1
7870032,1,1
5481416,1,2
6960487,1,2
10854555,1,1
12736658,1,3
7751294,1,3
3444098,1,3
4678873,1,2
6448890,1,1
9602595,1,2
3124420,1,2
6041734,2,1
8364969,1,2
10227020,1,1
11704044,1,2
7116236,1,2
7618364,1,3
6778008,1,2
10000490,1,2
8956206,1,1
9963524,3,1
3935914,1,1
3746248,1,2
4449034,1,2
9950612,1,1
7751562,1,2
8605074,1,2
5009189,1,2
10191056,1,2
6950275,1,2
6196457,3,1
4275328,1,2
2708270,1,2
6936909,2,1
11825057,1,3
9466668,2,1
5956776,1,3
6153672,1,2
5780930,1,1
7815744,1,1
3531558,1,1
6307083,1,2
4946584,1,3
4247023,1,2
7117355,1,3
2162994,1,2
10920813,1,3
6603043,1,2
10549023,1,1
8491745,1,2
11875511,1,2
8733898,1,1
11498128,1,1
7626370,1,1
9282769,1,3
6187341,1,2
9631995,1,1
7124613,1,1
5471108,1,3
5181455,1,2
10328393,3,1
5812701,1,1
7529266,1,1
9873869,1,2
3234598,1,1
10785538,1,2
4077526,3,1
7134976,1,1
3749508,1,2
5272878,1,1
7707742,1,2
7366258,1,1
7877818,2,3
7422883,1,2
9637299,1,2
3114667,1,2
8345172,1,2
9455325,1,1
7622486,1,2
11757451,1,1
12470954,1,1
10464050,1,1
4737302,1,2
6543682,1,2
11817750,1,2
6066379,1,2
5021176,1,2
6949061,2,1
12020329,1,1
11126381,1,1
11521048,1,2
2437060,1,2
10187017,4,1
4454752,1,1
8950568,1,1
7601633,1,2
9048161,1,2
11569475,2,3
3231120,1,2
11968463,2,1
2721030,1,1
4035640,1,1
10663396,1,1
8848288,1,2
7019489,1,2
6967278,2,2
5436502,5,1
5024138,1,3
6209798,1,2
10383729,1,2
6345732,2,1
4929299,1,2
5374854,2,1
11244137,1,1
6452742,1,2
9573539,1,1
11913073,1,2
3750350,1,3
6103049,1,2
11401869,1,2
8560940,1,2
7456001,1,1
9913481,1,2
10547378,1,2
11457191,1,2
3003019,1,2
9026749,1,1
9664215,1,2
6707908,1,2
8612847,1,1
6937402,1,1
5371777,1,1
8242350,1,2
11100657,1,2
5736461,1,3
9941859,1,1
8748435,1,3
7898352,2,1
9591728,1,2
7134976,2,1
8417078,1,1
3851130,1,2
10518399,1,2
12115188,1,2
8846809,1,3
11414465,1,1
6541920,5,1
7369523,1,2
4472143,1,3
11308499,1,1
11662184,1,1
7457296,1,1
3245638,1,3
4366923,1,2
6020753,2,1
10329835,1,1
9302543,1,2
5640085,1,1
4445630,1,2
9280239,1,1
3645438,1,1
4949751,1,2
3340313,1,2
10843590,1,1
9635529,1,2
7091432,1,1
5956656,1,1
10022908,1,1
9892816,3,1
10489206,1,1
10536177,1,3
5009688,1,3
10963065,1,1
6975129,2,1
10653179,1,1
11361646,2,1
9099950,1,3
10685175,1,3
4917596,1,1
7910148,1,2
12470041,1,2
4069213,1,2
9022166,2,1
10489521,1,2
10600955,1,1
4633570,1,1
5598595,1,2
4725681,1,1
5791705,1,3
8242434,1,1
5480640,2,1
3764714,1,3
3644602,1,3
9214942,1,1
2442448,1,1
4142847,2,1
9752982,1,3
11858979,1,2
3437776,1,2
8316503,1,2
11308499,2,1
9076971,1,1
2581554,1,1
8560861,1,2
3964545,1,2
8240797,1,1
12116489,2,1
5471415,1,3
11911561,1,2
5470739,1,1
7023960,1,2
11601357,1,3
10526887,1,1
8411947,1,2
5305471,1,3
5977470,1,1
8978528,1,1
5193400,1,2
10026502,1,1
9183378,1,1
10601549,1,3
7122259,1,2
5728283,1,2
9875711,1,1
10275880,1,2
6278762,5,1
5809890,1,1
10154388,1,1
9076513,1,1
5252423,1,1
8892910,1,2
3556742,1,2
12068975,4,1
4656049,1,1
5986209,1,2
8129641,1,2
3326377,2,1
9962455,1,1
7094486,1,1
4077526,2,1
11147460,1,2
12070811,1,1
8108450,2,3
10055126,2,1
10666242,1,2
8453211,1,2
11922782,1,2
9784222,1,2
4157325,2,1
10288922,1,2
7174349,1,2
8544996,1,1
9541094,1,3
11615481,1,2
6468337,1,2
5266937,1,2
7212722,1,2
4840818,1,2
11810124,1,1
3644601,1,3
10972902,1,3
3217264,2,1
11673802,1,1
10341913,1,3
6021275,2,1
5868793,1,1
4768846,1,2
8703491,1,2
4636578,2,1
4939346,1,1
7599004,1,2
5130983,1,2
8480285,2,1
7031767,1,3
2556650,1,1
4075064,1,2
7941635,1,2
7630658,1,2
10122538,2,1
10659313,1,2
8879915,1,2
9489953,1,3
4349452,1,1
7504778,1,1
11807274,1,1
3534118,1,2
7510820,1,1
5474613,1,1
7626506,1,1
2581316,1,1
9881662,2,1
3962872,1,2
8110758,1,2
11086270,2,1
4908495,1,2
5436502,4,1
9455556,2,1
7985733,1,2
8620565,1,2
9409493,1,3
8374580,1,2
4178606,1,1
4931073,1,2
3458687,1,3
11401755,1,1
10621666,1,2
4365645,1,1
9278553,1,2
6278762,3,1
11506235,1,2
5025217,1,3
5871985,1,1
4141376,1,1
2304320,1,1
9941662,1,3
12208887,1,2
6523216,1,2
12108312,1,2
6773862,1,1
7177766,1,3
11966668,1,3
11453592,1,1
6364126,1,2
9002278,5,1
5164255,1,1
9180282,1,2
8805348,1,1
9673173,1,2
3851193,1,2
6382217,1,1
8176650,1,2
9662811,1,1
5653795,2,3
10132832,1,1
5083252,1,3
6792124,1,2
4454219,1,2
8733497,1,2
11774991,2,1
8022244,2,1
5199426,1,2
1575690,1,2
2693736,1,1
10797460,1,1
9415172,3,1
7673192,1,1
3323887,2,1
8543278,1,2
9328852,2,3
5356593,1,2
8398290,1,3
2987433,1,2
3836413,1,2
8226994,3,1
9718066,1,1
11198723,1,2
9661869,1,2
6314173,1,2
10462826,1,2
10328458,1,1
3662635,1,2
7100673,4,1
5445681,1,1
12062660,1,2
11228612,1,2
5952403,1,2
12164564,1,1
11200405,1,2
6205460,1,2
12024120,1,1
5467113,1,2
4044005,1,2
8395660,3,1
10979716,1,2
6265665,1,1
9530945,1,1
8167996,1,1
9775938,2,1
7585481,1,1
8609450,5,3
11968490,1,2
10471345,1,3
10004738,3,1
6425957,2,1
6362874,1,1
7281399,1,3
5546761,1,1
7767559,1,2
4160006,1,2
8832512,1,1
3544595,1,1
4079530,1,2
5903301,1,2
7779942,1,3
8962094,1,1
7046035,1,1
4739565,1,2
10849244,1,2
9301506,1,2
11125936,1,2
11499192,1,1
9643043,1,2
7874976,1,3
8415200,1,1
5775129,1,1
5530881,1,2
4937143,2,2
4247092,1,2
9899607,1,2
11662440,1,2
4861784,1,3
6522745,1,2
10395381,1,1
9592579,1,2
10858691,3,1
4566999,1,3
9098590,1,2
4278221,1,1
8806072,1,1
6105462,2,1
8767034,1,3
9178185,1,2
2578017,1,2
8552583,1,2
9006449,3,1
11192998,3,1
4386047,1,2
4574310,1,2
6058614,1,2
7419318,2,1
8479107,1,2
4557341,1,3
8047283,1,2
12021943,1,3
8653134,1,1
6721123,1,2
11666881,1,1
7281411,1,3
8780959,1,2
10212441,2,3
12644020,1,3
5031882,1,3
8517303,1,2
4165473,1,1
5014753,1,2
3542573,1,2
11812062,1,1
6679504,1,3
6522242,1,1
11192998,2,1
6924203,1,1
12068975,1,1
8150320,4,1
10357831,1,2
1725016,1,1
6610219,1,2
9711751,1,2
9837720,2,3
5866104,1,2
5022828,1,1
5480640,1,1
6675060,1,2
3240049,1,2
7690844,1,1
9353314,1,1
5643492,1,2
7269974,1,1
7101828,1,2
6863161,1,3
10798605,1,2
8158127,2,1
6878240,1,1
12418816,1,2
11391018,1,1
2716801,1,1
8121067,1,2
10735988,1,2
10661778,1,3
9710626,1,3
5990753,1,2
5771719,1,2
10275766,1,2
6422155,3,1
10666592,1,3
12058147,1,1
6343170,1,1
10978763,3,1
3858804,1,2
5535280,1,2
11403216,1,2
2438406,1,3
5128673,1,1
3967760,2,1
7255336,1,2
10341876,1,3
6932987,2,1
9520700,1,3
3852258,1,2
10591855,1,1
8609450,3,1
5094751,1,1
6028860,1,2
11769801,1,3
4275739,1,2
3353454,1,3
7117050,3,3
11967872,1,3
8030339,1,2
6677256,1,2
11819135,1,2
5908086,1,3
6062088,1,1
7919653,1,2
6628740,1,3
8890783,1,1
3327992,1,2
5287983,1,2
4946680,1,2
10586208,1,1
9950612,4,1
7458762,1,1
3838004,1,3
3442055,1,1
2584163,1,1
10735331,1,2
6956233,1,2
10091110,2,2
7102227,1,1
8490993,1,1
3114661,1,2
6266741,1,1
6287313,1,1
5371776,4,1
5534476,2,3
4740676,1,2
5305404,1,3
5437945,1,1
9899181,2,2
8036287,1,1
5358624,1,1
8111381,1,2
4037164,1,2
8257407,1,2
7708193,1,2
8095110,1,2
9455556,1,1
7045605,2,3
4927734,1,3
2305255,1,3
4367854,2,3
11853255,1,1
10601284,3,1
5269407,1,2
11075737,1,1
10064256,1,1
1995732,1,2
5780885,1,3
8307354,2,3
9451706,2,1
9002278,4,1
9171801,1,2
12316447,1,2
6191945,1,2
6471021,1,1
7050989,1,1
9592575,1,2
10418797,1,2
8043638,1,1
8168187,1,1
8219673,1,2
11764462,1,1
9827094,7,3
10535858,1,3
9963461,1,2
5689351,2,1
3240158,1,1
3749978,1,1
7040629,1,1
4473226,1,1
8167938,1,3
5084942,1,1
4666008,1,2
9114508,4,3
11757422,1,2
8047428,1,1
11075429,1,1
7431709,1,2
5122112,1,2
4138557,1,3
9334289,3,1
7265298,1,1
10657406,2,1
9899514,1,2
9471974,2,1
4569942,1,3
10549562,1,2
6756669,1,2
9285568,1,1
5374403,1,1
3946023,1,2
11612280,1,1
11086270,1,1
10916600,1,1
6062298,1,3
10031500,1,3
6751874,1,1
8750043,1,1
6531491,1,2
5547480,1,2
10384798,1,1
10736179,1,2
11763910,1,3
2445975,1,2
2860788,1,2
5784777,1,1
8948424,1,2
12004656,1,3
5120225,1,2
7674050,1,2
5301093,1,3
12401863,1,1
5648449,1,2
9597806,1,1
9029486,1,2
5963222,1,2
11820830,1,2
9291378,1,2
5966154,1,1
6267425,1,2
7445445,3,1
9092496,1,3
8635938,1,2
10019643,1,1
5347537,1,2
8105398,1,1
6949607,1,1
8543100,1,1
11015323,1,1
8167996,2,1
8227661,1,2
9655005,1,2
8016211,1,2
9591070,1,3
11122894,1,1
5467126,1,2
7050989,2,1
10464666,1,2
8285254,1,2
6182849,1,2
9907129,1,1
4760478,1,1
8564587,2,1
6508221,1,1
11754430,1,1
7115332,1,3
9965184,1,2
9693006,1,1
7825899,1,1
10600261,2,1
5024126,1,2
11176166,1,1
6182508,1,3
6863998,1,1
8574270,1,2
9595827,1,1
6614926,1,2
3447722,3,1
4671584,1,2
12120484,1,1
7366258,2,1
10556578,2,2
9730163,1,1
11014932,1,1
4049131,1,1
2165352,1,3
6604328,1,1
4678875,1,2
10528068,1,1
10136549,2,1
3966912,1,2
2441151,1,2
10031907,1,2
7747457,1,1
6367628,1,2
5731312,1,2
9008737,1,3
11548140,1,2
10651945,1,2
8616637,1,1
5301750,2,1
10587105,1,1
8081389,1,2
10098844,2,3
4136466,1,1
8519253,1,2
5956342,1,1
10661718,1,2
11904151,1,1
6233903,1,2
5621294,1,2
10538176,1,1
2449053,1,2
6292162,1,2
4832273,1,3
9353182,1,2
6677841,2,1
5816165,1,2
3217264,3,1
9767392,1,2
11502172,1,2
4953173,1,3
5471489,1,3
4483235,1,3
7891264,1,3
11401767,1,1
5474613,2,1
7597703,1,2
9973109,1,1
8106610,1,2
5020034,1,2
4078693,1,2
5546277,1,2
5610698,1,2
10383696,1,2
8890150,1,1
10493253,1,3
10711551,1,3
7335972,2,3
12643589,2,2
7115785,1,1
6677841,3,1
3240406,1,3
10751515,1,2
3745690,3,1
5385469,1,3
10651816,1,3
7907423,1,1
9083470,1,3
6185717,1,2
8546464,1,3
10858737,3,3
7943535,1,2
8017703,3,1
7116859,1,3
3228986,1,2
9813499,1,1
10875937,7,3
10026458,1,2
10427700,1,3
9480310,1,1
4077526,1,1
8672910,1,1
10330115,1,1
3231137,1,2
6849310,3,1
6152521,1,3
4739194,1,2
8804397,1,1
10801100,1,3
4157052,1,3
8521059,1,2
9718379,1,2
9590976,3,1
8590527,1,2
10426656,1,1
8430105,3,3
7116226,1,3
4150701,1,2
9649706,1,1
5340644,1,1
11037818,1,1
3441340,1,2
4946581,1,2
8037145,2,1
10468940,1,1
9895006,1,1
10019643,2,1
5282477,2,3
8279765,1,2
8009500,1,2
4852528,2,1
10965740,1,2
7220429,1,1
10593759,1,2
5437945,2,1
7885494,1,2
4758368,1,2
7605093,1,1
11868122,1,3
7811537,1,3
9837544,1,2
9222516,1,3
8973000,1,2
11342573,1,2
6781535,1,2
6184894,1,1
3858988,1,2
5865654,1,1
11124509,1,2
7831264,2,1
9022166,1,1
10253547,2,1
5962514,1,2
8681833,1,1
6285396,1,3
10686876,1,2
4841374,1,1
1873513,1,1
7838906,1,2
10227020,3,1
6278762,4,1
11449696,1,3
8908102,1,2
6543674,1,2
2437149,1,2
3749365,1,1
4263293,1,1
7100673,3,1
9641008,1,2
5774375,1,2
6850504,1,1
9411166,2,1
6665223,2,3
8247638,3,1
4164994,1,1
10337258,1,1
10397751,2,1
9002278,2,1
9787239,2,1
8547525,1,3
12058204,1,1
12505503,1,1
5688910,1,1
4281068,1,2
10686864,1,1
8081905,1,1
10337517,1,1
3735629,1,2
10089911,1,1
5398002,1,2
6948480,1,2
3547315,1,2
4544571,1,2
5980354,1,3
11018648,1,1
3834322,1,2
12647110,1,3
2708614,1,2
11773022,1,1
11135119,1,3
7211141,1,1
8150320,3,1
10744335,1,1
5881688,1,1
11656302,1,2
10031707,1,2
6462863,1,1
11147276,1,2
7031638,1,2
11304987,1,2
12353633,1,2
5385471,1,3
6934587,1,2
10467815,2,3
10158990,1,2
9588822,1,2
3338885,1,1
9518318,1,1
5479717,1,2
7037540,1,2
11616631,1,3
8019043,1,2
2308957,1,2
5796186,1,2
5393558,1,2
10937029,1,1
9763612,1,1
9153570,1,1
8106973,1,2
8628758,2,1
4815520,1,1
9347899,2,1
9002237,1,2
7031942,1,3
5177859,1,1
9357275,1,2
9851943,1,2
11774991,1,1
5219234,4,1
11558882,1,2
7849854,1,1
11509504,1,1
11611600,1,1
4056616,1,1
8630788,2,1
2437209,1,2
9775475,1,2
8394721,4,1
7869917,1,1
7032383,1,3
8301013,1,2
7686191,2,3
10490960,1,3
9656397,1,2
7277317,1,1
12506351,1,2
3867615,1,1
9101271,1,3
11671429,1,2
10554999,2,1
6436029,1,1
8507073,1,2
5376836,1,2
11127479,1,1
12367310,1,2
6152974,2,1
9786017,1,2
5791986,1,1
9826551,1,2
3342467,1,2
7938499,1,3
10123064,1,1
9535080,1,2
6927629,1,2
5977541,1,2
12365000,1,2
8081239,1,1
7447200,2,1
9958962,1,1
8608544,1,3
5091614,1,2
7596240,1,1
5174677,1,2
8444552,1,2
5077629,1,2
7747425,1,1
10535807,1,2
4150611,4,2
4466677,1,1
12470844,2,1
7673841,2,1
9471974,1,1
8939650,1,2
9044228,1,1
8292840,2,1
8123170,1,3
10352603,1,2
11769890,1,1
8094221,1,2
10858691,4,1
4150496,1,2
12066335,2,1
8892157,1,1
8490993,2,1
2854914,2,1
8016214,1,2
5468555,1,3
11812199,1,2
3545135,1,1
8240797,2,1
9271752,1,1
3458919,1,2
3544689,1,2
4143755,1,1
11337833,1,1
3548044,2,1
8651551,1,2
8806123,1,1
5736801,1,3
3953106,1,2
9880190,1,1
3656322,1,2
9761882,1,1
5088400,1,1
5022900,1,3
4932348,1,2
10002866,2,1
11669125,1,1
10905239,1,1
4483138,1,1
6665695,1,1
6147573,1,2
10063802,1,1
9390653,1,1
9479460,1,2
7673192,4,1
8285970,1,3
7032421,1,2
11853905,1,1
12022517,1,2
11298298,1,1
3128552,1,1
8345473,1,3
11442793,6,1
10748390,1,1
11032227,1,1
10329196,1,1
3847907,1,1
5299459,2,1
5301750,3,1
11709124,1,1
11913013,1,2
9344623,1,2
8611781,1,1
5384079,1,1
10189523,1,3
11455491,1,2
8029848,1,2
10729472,2,2
2852560,1,3
6021275,3,1
5078939,1,2
3102309,1,3
5385647,1,2
10743600,1,2
8247638,2,1
10342316,1,3
8022489,3,1
4076098,1,1
10002866,1,1
11616200,1,2
12314973,2,1
6387887,2,3
5206233,1,2
10156064,1,2
8230809,1,2
3239945,2,1
10908248,1,1
8822216,2,1
2438061,1,2
3342970,1,1
4664743,1,3
6060580,1,2
9967771,1,1
9874581,1,3
11775507,4,3
7428736,1,1
7837302,1,2
11295426,1,1
1432214,1,2
6347299,2,1
12021387,1,2
4263293,3,1
5872139,1,3
5340878,1,1
6119605,6,3
6310636,1,1
9636569,1,2
7798259,1,2
7117541,1,2
10577994,2,1
11414511,1,1
9108058,1,2
5880320,2,1
8453851,1,3
10984090,2,1
9907505,1,2
5941160,1,1
11560447,1,2
11547513,1,1
10454313,1,1
6630943,1,2
8758161,1,2
9101496,2,1
12156174,1,1
7769819,1,1
11400356,1,3
8107225,1,1
11080405,1,1
11255761,1,2
9139084,1,1
6768394,1,1
10661917,1,2
8940961,1,2
6199056,1,2
9401997,1,1
9661979,1,1
9304842,1,3
9702072,1,1
12470530,1,2
5651104,1,1
7877824,1,3
8245108,1,3
10878263,1,1
9696358,1,1
8773015,1,1
5351250,1,1
7976136,1,2
11974540,1,3
8608490,1,2
9277896,1,1
5900390,1,2
5809890,2,1
10215869,1,2
10874226,1,2
6795089,1,3
5956787,1,2
5215251,1,2
8165946,1,1
9777087,1,3
4381282,1,2
8678664,1,2
11287726,1,2
10340423,1,1
12071006,1,2
11649292,1,3
11565903,1,3
3834364,1,2
7612691,1,3
9950612,2,1
5622250,1,2
6848529,7,3
6026438,3,1
6948815,1,2
11356260,1,1
6043574,1,3
11147814,1,2
8738244,1,3
9902856,1,2
7385478,1,2
1293031,1,3
9328864,1,2
10166274,3,1
10461045,1,3
8801343,1,2
3955817,1,1
8504570,1,2
4271474,1,1
4164393,1,2
7281356,2,3
4245897,1,2
6750902,1,2
10328393,2,1
4678171,1,2
10004738,2,1
7542369,1,2
3660924,1,1
8197761,1,2
5959719,2,1
6263593,1,1
5895158,1,1
11768970,1,2
11551692,2,1
3973549,1,2
4247991,1,1
8179286,1,2
7455553,1,2
8609450,1,1
5471158,1,3
8581232,1,2
9761615,1,1
6383785,1,1
8129189,1,2
9851123,1,2
4832837,1,1
9724993,1,2
6864891,1,2
4474645,1,2
10617017,1,1
9899355,1,2
9473078,1,1
6504534,1,2
7020168,8,3
2309585,1,2
5024450,1,2
10002261,1,2
3836453,1,2
3558803,1,3
2309587,1,2
6071903,1,1
9579641,1,1
11918099,1,1
10491544,1,2
4752451,1,2
11519134,1,2
5563937,1,2
11969092,1,3
5385439,1,3
4852528,5,1
5686174,1,1
5775090,1,3
7602070,1,2
7175184,1,1
8361905,1,1
10525027,1,1
7582689,3,1
11099109,1,3
2438502,1,2
6020753,1,1
9480189,1,1
6048024,1,2
6021193,2,1
9899483,1,2
3351888,1,1
8494142,1,1
4644952,3,1
3938073,1,2
5358241,1,1
7212184,1,1
10281311,2,3
5034333,1,2
5308419,1,2
8621026,1,2
10733174,1,2
7118364,1,1
5553624,1,2
3644399,1,3
2987027,1,1
7542813,1,1
6665064,1,2
11773022,3,1
4042026,1,2
3632418,1,1
7935997,1,1
8410727,2,1
10027323,2,1
9825625,1,1
5080636,1,1
10285631,1,1
9214712,1,2
10079317,1,3
3644649,1,3
6707942,1,2
8494410,2,1
10864531,1,1
11709124,6,1
5653849,1,2
7672097,1,1
3233043,1,2
8692861,1,1
9334289,1,1
8378634,1,2
8544992,1,1
10992011,1,2
10267121,2,3
5471059,3,3
2438062,1,2
11774383,1,2
11153539,1,1
9718066,2,1
5080346,1,3
3117046,1,3
10422852,1,2
10129482,1,2
5527172,1,2
11197126,1,2
9278725,1,1
9786821,1,2
3122985,1,2
10682541,1,1
10875245,2,1
10228942,1,2
11337372,1,1
9406990,1,1
8866102,1,1
11975363,1,2
9757613,4,1
10028535,1,1
3942670,2,1
11923284,1,1
12306058,2,1
9838060,1,2
5299459,1,1
9881258,1,2
6678383,3,1
4568298,1,2
12644769,1,2
6964043,2,2
5476671,1,3
6032920,1,3
6305192,1,1
9480535,1,1
11014932,4,1
3337548,1,3
6026438,2,1
3541946,2,1
11125613,2,1
3869014,1,1
9886361,3,1
7282154,1,3
10973814,2,1
6850504,4,1
5371776,2,1
4770617,1,1
5812648,6,3
8008067,1,1
9418508,1,2
8358012,1,2
5126932,2,3
9246715,1,2
12021811,1,3
3765771,1,2
10552611,1,1
6606653,1,2
7888957,1,3
11241814,1,2
7270230,1,2
11179076,1,1
9027909,1,1
5556726,1,2
7747835,1,3
6468938,1,2
9886361,2,1
7897936,1,3
11909686,1,2
12456601,1,1
3644653,1,3
6527229,1,2
7668663,1,1
3745690,1,1
5872150,1,2
8379021,1,2
9640924,1,2
11122894,3,1
5201593,1,3
10020423,1,2
9753154,1,1
8781480,1,2
12353720,1,2
7031208,1,3
10358759,1,1
9447166,1,1
9655129,1,2
10905239,2,1
4285087,1,2
3232859,1,2
9479273,1,1
6056992,1,2
7870282,1,2
4381429,1,1
3241619,1,2
5511081,1,1
3240158,2,1
5303346,1,2
2973509,1,3
8037038,1,1
9236858,1,2
3120431,1,2
9536692,1,2
9166862,1,1
10205598,3,3
10748393,2,3
3839294,1,3
8218274,1,2
9570741,1,1
9351316,2,1
5035972,1,2
4644952,1,1
10601579,1,2
5305225,1,3
7102316,2,1
6695889,1,2
10353968,1,1
7770471,1,3
10677186,1,2
8494142,2,1
5982353,1,2
6444896,1,1
9489524,1,1
11100670,1,2
3341934,1,2
7522911,1,1
10389280,1,3
6864569,2,3
10905746,1,1
6786037,1,1
11015108,1,1
5531694,1,1
9936698,1,2
7812179,1,2
3656121,2,1
5003117,1,2
4850961,1,1
7287995,2,1
5938970,1,1
11499263,1,2
5095269,1,2
5351250,5,3
3234598,2,1
4150624,3,3
2442084,1,2
9388479,1,1
8506766,1,2
10723750,2,1
8255887,1,1
6117415,1,2
9649205,1,3
3831523,1,3
4551328,1,2
11754553,1,1
5021174,1,2
7115200,1,3
7032117,1,3
5384079,2,1
6949061,1,1
5817712,1,3
4169315,1,2
2440757,1,2
11153121,2,1
7955580,1,1
10519701,1,3
8110767,1,1
5471574,1,2
10662202,1,1
7090524,1,1
7133294,1,1
8280511,1,1
6103377,1,1
11565924,1,1
8212002,1,1
8445775,1,2
6694186,1,2
5871918,1,2
4160669,1,2
11501492,1,3
12254909,1,1
11512246,2,1
5471271,1,3
8409295,1,1
5632781,1,3
11189127,1,2
3239671,1,1
9959494,1,2
9229657,1,1
9715939,1,2
8711794,1,1
5436502,1,1
9529148,1,3
7368103,1,2
4073089,1,3
11621223,1,1
9995402,1,1
5385509,1,3
11922722,1,2
5376067,1,2
6268722,1,2
6696580,2,1
2583777,1,2
7886329,1,3
5217733,1,3
6806695,1,2
7663405,1,1
8751796,1,1
7353970,1,2
6784887,1,2
3550434,1,2
11288051,3,1
10975146,1,1
5802285,1,2
7031726,1,2
11391957,1,1
5597970,1,2
8733898,3,1
6775985,1,2
3240706,1,2
7455981,1,1
3541946,1,1
9946525,3,1
10547685,1,2
4365461,1,2
6579806,1,2
9053086,1,2
6862603,1,2
9701962,1,1
8349582,1,1
7198881,1,3
7222086,1,2
11187436,1,1
6205897,1,1
9963524,4,1
4073730,1,3
5009743,1,1
6587796,1,1
7743464,1,2
10426656,3,1
9955598,1,1
8611832,1,1
9595686,1,2
7449136,1,1
6696580,3,1
5036966,1,2
8949316,1,2
3848919,1,2
8937021,1,2
6267535,1,1
11360571,1,1
6586746,1,1
8505670,2,1
4833421,4,1
8095441,1,1
3327980,1,2
11303811,1,3
9775253,1,2
3766353,1,2
3241248,1,3
9529294,1,2
9892816,4,1
9240664,1,2
3749508,2,3
10090257,1,2
5449777,1,2
8052474,1,2
5276332,1,3
9846086,1,2
6442340,2,1
8193178,1,1
9239670,1,3
4144576,1,1
6776401,1,1
6265792,1,1
6871071,2,1
10081899,1,3
4729553,1,3
7200225,1,3
7117147,1,3
7357531,1,2
8075618,1,2
10491031,1,2
10480952,1,2
11358389,2,1
7440748,1,1
7825899,2,1
10664150,1,3
4253860,1,2
6301035,1,2
7938468,1,2
10351767,1,3
8429450,1,2
6593734,1,3
8211605,1,2
9119568,4,3
3831911,1,2
3967760,1,1
9664142,1,1
7509886,2,1
8295671,1,3
4076952,1,2
3851134,1,3
5730394,1,2
6312534,1,2
8891684,1,1
8625821,1,2
8950568,2,1
12108293,1,2
6230649,1,3
12454461,1,1
6685609,1,1
10990886,1,1
8160953,1,1
8580438,1,2
9965206,1,2
11774303,1,2
11706658,1,2
5364071,4,1
4372410,1,3
11904151,2,1
6616218,2,1
7451315,1,3
10858785,1,2
9025922,1,2
10385708,4,3
11621897,1,3
9532997,1,3
5563080,1,2
6778019,1,2
3323289,1,2
9822284,1,2
5511081,3,1
5696909,1,2
9787239,3,1
9663113,2,1
8013439,1,1
6864885,1,2
11357192,1,2
5880320,4,1
6629588,1,2
10190777,1,1
5817553,1,3
9533489,1,2
5306383,1,2
9402670,1,3
7382313,1,1
3443582,1,2
6047072,1,1
9873254,1,1
6766748,1,2
6784235,1,1
9042357,1,2
11153121,1,1
4861527,1,2
5202905,1,1
7970760,1,2
12301181,1,1
3848275,1,1
8873674,1,3
10934674,1,1
11093538,1,2
10023069,1,3
9782691,2,1
6422070,1,1
11769146,1,2
9536836,1,3
12643582,1,2
6021275,1,1
9896438,1,2
8508493,1,3
3962243,2,1
3761319,1,3
8742270,1,2
6871071,1,1
6198256,1,3
7047207,1,1
10425070,4,3
5791986,2,1
10585738,1,3
10732401,1,3
10657406,1,1
5294739,1,2
6021193,3,1
9752973,1,2
6044553,1,3
5039053,1,3
9899630,1,2
9636135,1,1
6758917,1,2
6448890,2,1
9714550,1,1
5080652,1,2
11027270,2,3
6962109,1,1
8397446,1,3
7098355,1,1
4556468,1,1
5794379,2,1
9884104,2,1
8689373,1,1
6786037,3,1
8381693,1,3
3228959,1,3
6716545,1,1
6191521,1,1
8394721,1,1
5953297,1,1
5364071,1,1
5961350,1,2
9953736,1,3
3231341,1,1
10485179,1,3
5471202,1,3
5688790,1,1
11359305,1,2
7430034,1,1
6046540,1,1
8264097,1,2
5385575,1,3
11754553,3,1
11187837,1,1
10292465,1,2
6106282,1,1
10271806,3,1
4373195,1,3
8230616,2,1
3838496,1,2
11076279,1,2
9412623,1,1
8262210,1,2
9640985,1,2
3854101,1,2
8479386,1,2
9349757,1,1
9912977,1,2
9837685,1,1
9827149,1,1
9291368,2,2
6956136,1,3
11568987,1,1
10468885,1,1
2696703,1,2
8552565,1,2
4466356,1,2
2975770,1,1
5962716,1,2
9541163,1,3
6774537,1,1
7289317,1,1
2436378,1,2
8240904,1,1
8164257,3,1
9834257,1,2
8042789,1,2
9704384,1,1
11599038,3,3
8950568,4,1
3530668,1,2
7281616,1,3
6057684,1,2
8240109,1,2
3859079,1,1
12306058,1,1
5809954,1,2
6139220,1,2
12066335,1,1
6312521,1,2
5359678,1,2
10028352,2,2
3836439,1,2
6276477,1,1
5871116,1,3
7700561,1,2
7971389,1,2
8432034,1,2
8685497,1,1
3548639,1,2
8558011,2,1
5113053,1,2
6521542,1,2
2573108,1,3
8950568,3,1
3557341,1,3
6779260,1,1
10486425,1,2
11252617,1,2
2437112,3,3
9579641,2,1
8364119,1,2
11773022,2,1
4586482,2,3
6109688,1,2
10098844,1,1
10735519,1,2
9777062,1,2
12254378,1,1
6342980,1,3
5215980,1,2
10321927,1,3
3353050,1,1
6867766,1,2
11972872,2,3
5219234,1,1
9048145,1,2
8112013,1,2
6504954,1,1
6105462,1,1
11394027,1,1
10487119,1,2
10000941,1,1
3218908,4,1
9613070,1,2
6891366,1,2
3657758,1,1
11234677,1,2
6850504,5,1
5184911,1,1
4772095,1,3
3335816,1,2
7871954,2,1
7118545,1,2
7907423,3,1
7802136,1,2
7799701,1,2
5794570,1,1
5864975,1,1
9093859,1,3
8345358,1,2
11670125,1,1
6226290,1,1
6948054,4,1
4175630,1,1
11968463,5,2
8845574,1,2
8883329,1,1
5386163,1,3
9943435,1,2
5272233,2,1
5475735,1,2
8223328,1,2
9886224,1,2
8480582,1,1
10619109,1,2
9532123,1,3
8494410,1,2
10531955,1,1
9304923,2,3
5480736,1,2
9451127,1,2
6693640,1,1
6922710,1,1
11442793,2,1
8030148,1,1
8332986,1,2
3546060,1,1
2713049,1,1
5598639,1,2
7045496,1,1
6521045,1,1
7515212,1,1
10468940,2,1
2445134,1,2
5725087,1,2
9466668,4,1
5305399,1,3
6205384,1,3
9115800,1,1
10290666,1,1
8802693,1,1
8823426,1,2
7870250,1,3
4645174,1,1
6468904,1,2
9818381,1,1
5683743,1,1
11456839,1,3
9837578,1,2
9535881,1,3
8255058,1,2
4914423,1,1
7838639,1,2
11358389,1,1
7985167,1,2
6606282,1,2
4043190,1,1
3964109,1,1
5193386,2,3
8351704,1,1
8612275,1,1
9225395,1,1
5301750,4,1
8826878,1,1
4763020,1,3
6546508,1,2
8193315,1,2
4840513,1,2
2854698,2,1
5629353,2,1
8953296,1,2
10083623,1,2
5780460,1,1
8719897,1,2
7464205,2,3
11963206,1,1
10794405,2,2
7959310,1,3
2141783,1,2
3745690,2,1
12302391,1,2
5952309,1,2
6443392,2,3
5790807,1,2
8564674,1,1
2165002,2,1
4390912,1,3
8561063,3,1
4757437,2,1
7199724,1,3
12306808,1,2
7622059,1,2
5471606,1,3
2711114,1,2
2010607,1,3
11099351,1,2
4458082,1,1
11824218,1,2
4742414,1,3
5090690,1,2
2557816,1,1
8695779,1,2
3656121,1,1
11924426,1,2
10068383,1,2
5201115,1,2
4346875,1,2
6311681,1,2
5213404,1,1
8478994,2,1
11389771,3,1
6934291,1,1
6962018,1,2
8344004,2,1
4139816,2,1
3128793,1,2
12004679,1,2
11241912,1,1
6607357,2,1
7842610,1,2
10583181,1,2
9899623,1,2
8711548,1,2
5088536,3,1
12008916,1,3
8233702,1,1
5450814,1,2
4150611,1,2
8636333,1,1
11288051,1,1
6605493,1,1
9944421,1,2
8039892,1,1
8247638,4,1
10615440,1,1
2019076,1,2
7303287,1,1
10936427,1,2
8374394,1,3
10723750,1,1
8164257,2,1
5357901,1,1
5467124,1,2
3560301,1,3
6690082,2,1
7031430,1,3
8845026,1,2
1718189,2,1
6037581,3,1
9092504,1,1
5812960,1,1
12008872,1,1
5980061,2,3
10166274,2,1
3218844,1,3
4037163,2,3
9873254,2,1
9008737,1,3
4478168,1,1
9471268,1,1
9790806,1,1
8094140,1,2
9906489,1,3
8890996,1,2
9016295,1,2
8246781,1,2
3339538,1,2
10070468,1,1
10670119,1,1
6929841,1,1
5991070,1,3
8007644,1,1
11955499,1,2
5653126,1,2
4940201,1,2
2438490,1,2
3228740,1,2
9578686,1,1
5817566,1,2
7761545,1,1
11671579,1,1
7703955,1,1
7303253,1,1
9899583,1,2
8572936,1,2
4175105,1,3
9513865,1,1
8242681,1,2
5098444,1,2
8487805,1,2
3640905,2,1
10187159,1,1
3834317,1,3
5360082,1,2
12117215,1,3
10788461,3,1
4939346,2,1
8197343,1,1
9021047,1,2
8423903,1,3
10847907,1,3
8972058,2,1
10910878,2,1
9787239,1,1
4150804,1,1
5534814,1,2
11724091,1,2
10063208,1,1
9466429,1,1
7831264,1,1
11657891,1,1
7762886,2,3
10987439,1,2
6666233,1,2
11240948,1,2
7765528,1,1
3342794,2,1
5955321,1,3
5534965,1,2
5358241,2,1
10155321,2,3
3437776,2,3
10801951,1,3
11121752,1,1
11968463,3,1
9002278,3,1
8560840,1,2
8808064,1,3
5039441,1,2
9643210,2,3
9823519,1,1
8149484,1,2
6032318,1,3
8683144,1,3
9730163,2,1
10858832,1,1
11295426,2,1
7177553,1,2
10614845,1,3
8561063,2,1
7840035,1,2
12206313,1,1
11968514,1,2
2441495,1,1
5036516,1,2
4857213,1,1
3632089,1,1
9282687,1,2
11193263,1,1
3219995,1,1
6113752,1,3
8414907,1,3
5219234,3,1
9965957,1,1
8229458,1,1
4070376,1,2
6516874,1,3
9097892,1,2
11969988,1,2
7918172,2,3
6041511,1,3
9650808,2,1
9159301,1,2
8947520,1,1
5738506,2,3
8821936,1,3
7695087,1,2
7604328,2,1
3733628,1,1
10006096,1,2
5802478,1,2
5113146,1,2
10799291,1,3
6531496,3,2
8120608,1,1
4544620,1,2
5556804,1,3
6063448,1,2
5301750,5,1
3728432,1,1
8128067,1,2
11569782,1,1
9446824,1,2
10788461,2,1
8009496,3,3
10937609,1,2
4372768,1,2
8155368,1,2
4055304,1,1
9094763,1,2
7053328,1,3
5200084,1,3
8164012,1,1
8037145,4,1
5467102,1,2
12351927,1,2
2450716,1,2
10272640,1,1
5371776,3,1
8256044,1,2
8552719,1,1
7767733,1,2
9967884,1,2
6307537,1,2
8280511,2,1
9763348,1,1
8766650,1,1
8097825,1,2
4067110,1,3
7449541,1,1
12784167,1,1
8604993,1,2
3230578,1,2
5174920,2,3
8868686,1,3
10419211,1,2
6614629,1,3
10019399,1,2
4915638,1,1
4180401,1,2
4455763,1,2
8559152,1,1
4157325,1,1
5264304,1,2
8008913,1,3
12554051,1,3
4753561,1,2
9468384,1,2
7838675,1,1
10583225,1,2
6678383,1,1
8488876,1,2
12508335,1,2
5696918,1,2
8277797,1,1
4852528,4,1
9593759,1,2
8109692,1,3
4826439,1,2
9757613,3,1
9451706,3,1
10593535,1,1
2161623,1,2
10360722,1,1
9349482,1,1
4902030,1,2
8957572,1,3
7811537,2,3
2711123,1,2
6695801,1,2
10857519,1,1
8686150,1,2
6035124,1,1
7281454,1,3
12055539,1,1
7538450,1,3
9024857,2,3
9641041,1,2
7620413,1,1
11867733,1,2
3541946,3,1
8311864,1,1
8934103,1,1
3942670,1,1
8394721,2,1
7434875,3,1
9347009,1,1
7265298,2,1
5513897,1,2
10549576,1,2
7445445,2,1
3848665,1,3
10345862,1,2
1996679,1,2
8098728,1,2
9020160,3,1
9549471,1,2
7458309,1,3
5941160,2,1
11760931,1,3
6864859,1,2
9872283,1,1
7661065,1,2
5078025,1,3
8294484,1,2
4844004,1,2
7207061,2,1
6611330,1,2
7841986,1,3
8453191,1,2
10388286,1,1
3448456,1,3
4540632,1,2
2852528,1,2
3228945,1,2
4472818,1,1
4380283,1,2
9899065,1,2
9908486,1,3
8120608,2,1
5876805,1,2
11874338,1,2
6891512,1,2
9071593,1,1
5456651,2,1
5211470,1,2
7672940,1,2
11337372,2,1
11611275,1,1
10577994,1,1
2558370,1,2
6049470,1,3
11560897,2,1
9828127,1,1
7908367,1,1
8150320,2,1
10753394,1,3
4758350,1,2
3853673,1,2
10587105,2,1
8883593,1,1
7203179,1,3
6546528,1,2
9834040,1,1
3869825,1,2
11243547,1,2
11018648,2,1
10480982,1,2
3858884,1,3
6525196,1,2
3747817,1,1
9006449,1,1
8736245,1,2
9655424,1,3
10350571,3,3
1433962,1,2
10748621,1,2
7199774,1,2
3973504,1,2
5385139,1,3
4544907,1,1
8153568,1,2
8895758,1,1
10973814,1,1
9230021,1,1
10079481,1,3
2574543,1,2
9291748,1,2
8962094,2,1
9715925,1,2
3858919,2,3
8803882,1,2
7898576,1,3
8878187,1,1
7031340,1,3
4352168,1,2
10730703,1,1
9034103,1,1
12834874,1,1
6464285,1,2
6974867,1,3
9244508,1,1
6198999,1,1
2707097,1,2
9214715,1,2
5866724,2,1
10212441,1,1
4150496,3,3
7826620,1,1
5565261,1,2
6685403,2,3
6541920,4,1
12257886,1,2
4174507,1,2
11970288,1,2
9992325,1,1
6937692,1,1
8414914,1,2
11231334,1,2
10460984,2,1
9075882,1,3
7906739,1,2
8037145,3,1
6933781,1,2
11194032,1,1
6698670,1,2
7749318,1,2
5388229,1,3
4912991,1,2
5181804,1,2
3554031,1,1
3955867,1,2
11450414,2,1
2716853,2,3
10024051,1,1
11250867,1,2
3228988,1,2
3348082,2,1
10275805,1,2
8179190,2,3
9272070,1,1
3640905,1,1
3862246,1,2
10264660,1,1
8692861,2,1
9886255,1,1
7200485,1,3
11954842,1,1
10420301,2,3
8749844,1,3
8367644,1,1
5125196,2,3
10933561,2,1
4571536,1,2
6960446,1,2
6677267,1,2
5475736,1,2
9411412,1,1
5770074,1,1
11622600,1,1
5375194,1,1
10518725,1,2
10031656,1,2
7019524,1,1
5526717,1,1
6685609,3,1
4743513,1,2
11551692,3,1
7137213,1,2
10992733,1,2
3459199,1,2
9083503,1,2
6584167,1,3
7336754,1,2
7582689,2,1
6761777,1,1
2302758,1,2
11499757,1,3
4149684,1,2
8494617,1,1
10485250,1,2
4639868,1,2
11497977,1,1
5111801,1,3
5963591,1,3
4247791,1,2
9656252,1,1
10614012,1,2
4940438,1,2
5716244,1,2
5281113,1,1
7281699,1,3
5024292,1,2
4356766,1,2
4139816,1,1
5351250,3,1
8235924,1,1
10296163,1,2
4480676,1,2
10338529,1,3
10722485,1,1
9970396,1,2
5781192,1,2
8823868,2,3
9762519,1,2
9640921,1,2
5544450,1,3
10581918,2,3
8719419,1,2
12453855,1,2
12164751,1,2
3245661,1,2
9366989,1,2
9589323,1,1
6515722,3,3
6226908,1,1
3654950,1,2
9873604,1,3
8453214,1,2
6531143,1,3
7031732,1,2
8700558,2,3
11760860,1,1
3447722,1,1
10604335,2,1
6131659,1,2
10937029,2,1
7109675,1,1
7430876,1,2
11651105,1,3
8826168,1,1
3102000,1,2
6778289,1,2
7692093,2,3
9652166,1,3
4370527,1,1
8195877,2,3
4813563,1,1
5216727,1,2
7128918,1,2
12216706,1,2
4770365,2,1
8823833,1,2
9896558,2,1
8459663,1,1
6437993,1,3
3858879,1,2
4077252,1,2
8262223,1,2
11176127,2,1
8128965,1,2
8740744,1,3
5738698,1,2
3336845,1,2
7516073,1,3
7950644,1,1
3329643,1,3
5959719,1,1
5602588,1,1
8616637,2,1
6677841,1,1
8463346,2,1
4545187,2,1
9837083,1,2
9838949,1,1
9837661,2,1
10793172,1,1
3735634,1,2
9394762,1,2
6365321,1,2
5436502,2,1
12254792,1,1
3867593,1,2
5088536,1,1
3556220,1,2
3231341,2,1
10483644,1,2
6368230,1,1
10604335,1,1
10971674,1,2
5119143,1,3
9392016,1,3
6359802,1,2
10963242,1,1
9839062,1,3
10271806,2,1
10662021,1,3
5940165,1,1
8415863,1,2
7211221,1,1
10910878,3,1
11342416,1,1
11017094,1,3
8183288,1,1
9020160,1,1
11553706,1,2
5817957,1,2
3248019,1,2
9729691,1,1
7447200,1,1
8073705,1,1
6600515,1,3
10982872,2,1
9346253,1,2
11752632,1,1
6755944,1,1
4371172,1,2
8718273,1,2
5351250,2,1
4947726,1,2
9904006,2,1
5113822,2,1
9467404,1,1
10616679,1,1
3939150,2,1
3661886,2,1
4180280,1,1
8008206,1,1
7105574,1,2
3655332,1,2
6768394,2,1
9837661,1,1
8879427,1,2
6129524,1,1
8813404,1,3
8620561,1,2
5598216,2,3
4544623,1,2
6768616,2,3
8554701,1,1
5131276,1,2
5385773,1,3
4579321,1,2
3448323,1,3
8761550,2,3
1571511,1,2
8352537,1,1
10982872,1,1
3427776,1,2
6956014,1,2
5893123,1,2
5471770,1,3
9334289,2,1
1433980,1,2
3342794,1,1
4270253,2,1
11284772,1,1
9458613,3,1
5435816,1,2
8655458,1,2
11551692,1,1
8378922,1,2
4055092,1,2
7281217,1,3
11017901,1,1
8700537,1,2
7515762,1,1
9458613,5,1
10130039,1,1
8143170,1,3
6200709,1,2
4142847,1,1
9529733,1,2
10006641,1,2
7889486,1,2
12366084,1,1
5339567,1,1
6973796,1,2
10984090,1,1
5560830,1,3
10491554,1,2
7047299,1,2
6470516,1,2
8263746,1,2
8747222,1,2
2712825,1,3
8689031,1,1
5649836,1,2
5816806,1,2
8806123,2,1
7610663,1,1
4741126,1,1
4827723,1,1
5272233,1,1
9674564,1,2
11090556,1,1
6665512,1,1
4649440,1,2
8612275,2,1
4651399,1,3
8669092,3,3
7763269,1,2
12004971,1,2
7115785,2,1
7907423,2,1
4633434,1,2
7115550,1,2
9642292,1,1
10973664,1,1
12356914,1,2
